acetaminophen,8
activia yoghurt,11
activia,11
all purpose cleaner,9
allspice berries,15
almond milk,10
almonds sliced,12
almost milk,99
ancho chili,15
anchovies,13
apple cider vinegar,12
apples,1
applesauce,12
artichoke,1
arugula,1
asian greens,1
asparagus,1
avocado,1
avocados,1
baby bell,2
baby bells,2
baby carrots,1
baby spinach,1
bacon,7
bagels,5
baguette,5
baker's chocolate,12
balsamic,12
bamboo shoots,14
banana,1
bananas,1
barley,12
basil,1
batteries,9
battery,9
bay leaf,15
bay leaves,15
bbq sauce,12
bbq veggie,1
bbq veggie with fish,99
bean sprouts,1
beef,7
beef bones,7
beef for salad,7
beef marrow,7
beef rump roast,7
beef short ribs,7
beef stock,12
beefsteak tomato,1
beer,18
beets,1
berries,1
berries lots,1
best fish na,99
best tomato na,99
big,99
big ziploc,9
bird seed,99
black olive tapenade,4
black olives,4
black pepper,15
blackberries,1
block of old cheddar for grating,2
blood orange,1
blood oranges,1
blt bread,5
blueberries,1
boconccini,1
bok choy,1
bonless chicken thighs,7
bosc pears,1
bottled water,12
bread,5
bread for blt,5
bread for grilled cheese,5
bread or baguette,5
breakfast sausages,7
breakfast veggies,1
brian cereal,10
brian milk,16
brie,2
bright veggie for salad,1
brita filters,12
broccoli,1
brocolli,99
broth,12
broth bones,12
brown sugar,15
brussel sprouts,1
buckets ziploc,9
bunch loosely packed fresh parsley leaves,1
buns,5
burger buns,5
butter,16
buttermilk,16
butternut squash,1
cabbage,1
cabbage slaw,1
cadbury dairy milk,16
caesar croutons,12
can coconut milk,14
can salmon,13
canadian brie,2
candy,12
canned light tuna,13
canned lima beans or large white beans,12
canned salmon,13
canned tomato and veggie soup,12
canned tomatoes,12
cannellini beans,12
cantaloupe,1
capers,12
cardamom pods,15
carefree,9
carefree unscented panty liners,9
carrot,1
carrots,1
cashews,12
cauliflower,1
cayenne,15
cayenne pepper,15
ceasar,99
ceasar croutons,12
celery,1
celery stalk,1
celery stalks,1
celery sticks,1
cement glue,9
cereal,10
cereal bc,10
cereal brian,10
cereal for bc,10
cereal for brian,10
cereal for rick,10
char siu,7
charcoal,9
charger,9
chashu pork,7
cheddar,2
cheery tomatoes,99
cheese cloth,9
cheese curds,2
cherry tomato,1
cherry tomatoes,1
cherry tomatos,1
chick pea,12
chicken,7
chicken breast,7
chicken breasts,7
chicken breats,99
chicken broth,12
chicken drumsticks and thighs,7
chicken stock,12
chicken strips,7
chickpeas,12
chili,15
chili powder,15
chinese veggie,1
chipole chili,15
chips,12
chives,1
choco raspberry yoghurt,11
chocolate chunk cookie,5
chocolate for michelle,12
chocolate syrup,12
chocoraspberry yogurt,11
chopped fresh cilantro leaves,1
chopped frozen spinach,17
chopped walnuts,12
chorizo,4
christmas oranges,1
cider,1
cider vinegar,12
cilantro,1
cinnamon,15
clams,12
clementines,1
clementines or mandarins or oranges,1
cliff,10
cling wrap,9
clothes hangers,9
cloves,15
coarse salt,15
coconut milk,10
cod,6
coffee,12
cole slaw,1
coleslaw,1
coleslaw salads,1
compost bags,9
conditioner,8
coriander powder,15
coriander seeds,15
corn,1
corn kernels for air popping,12
country bread,5
crab or lobster,6
crab or lobster meat,6
cranberries,12
cream,16
cream cheese,16
cremini,1
croissants,5
croutons,12
crshed t,99
crunch natural peanut butter,12
crushed tomato,12
crushed tomatoes,12
crusty bread,5
crusty soup bread,5
cucumber,1
cumin,15
cumumber,1
curry leaves,15
curry powder,15
danish,5
deli meat,4
dental floss,8
deodorant,8
diaper wipes,9
diaper wpes,99
diced cabbage,1
diced t,12
diced tomato,12
diced tomatoes,12
dill,1
dish detergent,9
dishwasher detergent,9
dishwasher soap,9
disposable bowls,9
disposable kitchen gloves,9
disposable mesh underwear,8
do we have chickpeas,99
draino,9
dried apricots,12
dried oregano optional,15
dried red chili,15
dumpling greens,1
dumpling veggie,1
dumplings,17
eatin veggies,1
egg,11
egg noodles,12
egg yolk,11
eggs,11
ementaler,2
emmental,2
emmentaler,2
english muffins,5
extra,99
extra berries,99
extra virgin olive oil,12
fabric mask so r can clean basement,9
fancy mustard,12
feta,2
fiber plus cereal,10
finnish mustard,12
fish,6
fish or chicken,6
fish sauce,12
fish veggie,1
flaky white fish like cod or flounder,6
flax seed for oatmeal,12
flaxseed,12
flexible ice pack,8
floss,8
flour,15
fly trap,9
french toast bread,5
fresh ginger,1
fresh juice from,99
fresh linguini,3
fresh mozz,2
fresh pasta,3
fresh spinach,1
fresh thyme leaves,1
frozen chopped spinach,17
frozen corn,17
frozen peas,17
frozen shrimp,6
fruit,1
gallon whole milk for paneer,16
garam masala,15
garbage bag,9
garbage bags,9
garlic,1
garlic clove,1
garlic cloves,1
garlic cloves then add garlic,99
garlic minced,1
garlicky pork sausages,7
ginger,1
glaric,1
gnocchi,3
gnocci,3
goat,7
goat milk,16
golden raisins,12
good anchovies,13
good olive oil,12
good olive oil vinnie,99
gouda,2
granola bars,12
granulated sugar,15
grape juice,99
grape tomato,1
grapefruit,1
grapes,1
grated fresh ginger,1
grated parmesean,2
green apples,1
green beans,1
green chilies,1
green for rib side,1
green oninos,99
green onion,1
green onions,1
green peas,1
green pepper,1
ground beef,7
ground black pepper,15
ground coffee for parents,12
ground coriander,15
ground cumin,15
ground nutmeg,15
ground pepper,15
ground turmeric,15
ground white pepper,15
grueyre,2
gruyere for soup,99
gum,12
half and half,16
havarti,2
headphones,9
heavy cream,16
hoisin,14
homo milk,16
honey  sunrise cereal,10
honey crunch sunrise,10
honey crunch sunrise cereal nature valley,10
honey crunchy sunrise,10
honey dijon,12
honey dijon mustart,99
honey losenges for sore throat,8
honey only lozenges,8
honey sunrise crunch,10
hot,99
hummus packs,3
ibuprofen,8
ice cream yum,17
iceberg lettuce,1
iced cream,17
in ginger,99
in the morning,99
inch piece of baguette,5
inch slices of thick,99
ivory bar soap,9
ivory soap,9
jalapeno,1
jordans,10
jordans muesli fruit and nuts,10
just juice organic concord grape,10
kale,1
kebab meat,7
kidney bean,12
kind of lunch meat for brian's folks,99
kitchen gloves,9
kitchen twine,9
kleenex,9
kleenez,9
kosher salt,15
kosher salt and freshly ground black pepper,99
l,99
lactose,99
lactose free cream,99
lactose free milk,16
lamb chops,7
lasanga noodles,12
laundry soap,9
laundry soap for whites,9
leeks,1
lemoin,99
lemon,1
lemon juice,12
lemons,1
lettuce,1
lime,1
limes,1
lindt milk chocolate,12
linguini,12
lip balm,8
liquid dish soap,9
liquid hand soap,9
liquid plumr for overflow drain,9
liter skim milk,16
loaf of delicious bread,5
low,99
lunch size paper bags,9
lysol spray,9
macaroni,12
mace,15
mandarin oranges,1
mandarins or clementines,1
mang,99
mango,1
mango juice,12
mango juice boathouse,10
mango or papaya,1
mangoes,1
maple syrup,12
marcelle essentials oil,99
marcelle lotion oil,8
marion chocolates,99
market cheese,2
mayonaise,12
mayonnaise,12
meat bones,7
med onions,1
medium buckets ziploc,9
medium cloves garlic,1
medium onion,1
medium shallot,1
medium ziploc,9
medium ziploc bags,9
melon,1
milk,16
milk bc,6
milk for brian's parents,16
milk for mom and dad,16
minced fresh chives,1
minced parsley,1
mini humus packs,3
mini wheat,12
mini wheats,12
mirin,14
mixed greens,1
molasses,15
monterey jack cheese,2
more chicken,7
more dusters,9
more ginger candy vincenzo,99
mother's day chocolate,12
mozarella,2
mozz,2
muesli,10
muffin mix,15
multigrain crackers,12
munchies veggies and dip,1
mushroom lentil soup if they have it,10
mushroom pasta,3
mushrooms,1
mushrooms for udon,1
mushrooms quartereed,1
muslix,10
mussels,6
mussles,6
mustard,12
mustard seeds,15
nachos,12
nature valley multigrain flakes,10
navel oranges,1
nice buns,5
no,99
no lactose,99
nutmeg,15
oatmeal crisp triple berry cereal,12
of garlic,99
of red chillies,99
of skim milk,99
of wings,99
oikos chic rasp yogurt,11
oil for frying,12
old cheddar,2
olive oil,12
olive oil for cooking,12
olives,4
onion,1
onions,1
onions diced,1
ontario peaches,1
ontario strawberries,1
ooz coarse diced tomato,99
oral b toothnrush,8
orange pepper,1
oranges,1
oregano,15
oregano to taste,99
oreo slab cookie,17
organic mushroom lentil soup,10
ounce,99
ounce diced tomatoes,99
ounces grated parmigiano,99
oxtail,7
oyster sauce,14
p,99
package gnocci,3
pads,8
panko crumbs,12
pansies,19
papaya,1
papaya if it looks good,99
papaya mango or melon,1
papaya or mango,1
papaya or melon,1
paper compost bags,9
paper towel,9
paprika,15
parchment paper,9
parmesan,2
parmesean,2
parsley,1
pasteurized honey,12
peach,1
peach danish,5
peaches,1
peanut butter,12
peanut satay sauce,14
peanuts,12
pears,1
pears or peaches,1
peas,1
pecan bar,5
pecans,12
penne,12
pepper,15
peppers,1
petroleum jelly,8
pine nuts,12
pine nuts or sunflower seeds,12
pistachios,12
pistacios,12
pita,5
pita chips,2
plain croissant,5
plain gouda,2
plain yoghurt,11
popping corn,12
popsicle molds,9
pork belly,7
pork belly or pork,7
pork bones,7
potatoes,1
powdered sugar,15
premade salad,1
prenatal vitamin,8
president's choice  blue menu fruit bars,12
proscuitto,4
pumpkin raisin,10
pumpkin raisin at vinny's,10
pumpkin raisin crunch,10
pumpkin seeds,12
quinoa,12
r cereal,10
radishes,1
raisins,12
rameb boodles,99
ramen green,1
ramen noodles,14
ramen veggie,1
raspberries,1
raspberry chocolate yoghurt,11
rebecca vitamin,8
red,99
red cufrry paste,99
red curry paste,14
red onion,1
red pepper,1
red pepper flakes,15
red peppers,1
red wine,18
regular olive oil,12
rhubarb,1
rib veggie,1
ribs,7
rice vinegar,12
ricotta,2
rinse for dishes,9
roast chicken,7
roasted red pepper gummus,99
roma tomatoes,1
romaine,1
romaine lettuce,1
ruffles chips,12
rustic bread,5
sake,18
salad beef,7
salad citrus,1
salad lettuce,1
salads,1
saline nasal spray,8
salmon,6
salmon fillet,6
salmon veggie,1
salt,15
sandwich lettuce,1
sausage buns,5
sausage pepper,99
sausage veggies,1
sausages,7
scallions,1
scallops,6
scone,5
scope,8
sensodyne,8
sensodyne toothpaste,8
sesamea oil,99
shallot,1
shallots,1
shampoo,8
shaoxing,99
sharp cheddar,2
sharp white cheddar,2
shaved carrot bag,1
shaving cream,8
shitton onions,99
short ribs,7
shredded beef,7
shredded carrots,1
shredded veggies,1
shreddies,12
shrimp,6
simecothone,8
skim milk,16
skim milk for rick cousins,16
skim milk large,16
skim milk smalll,16
skipjack tuna,13
sliced,99
sliced almonds,12
sliced beef,7
sliced cremini,1
sliced whole wheat bread,5
slices bacon,7
slices white bread,5
small cream,16
smaller hot cold pack,8
smallest cream,16
smoked paprika,15
smoked salmon,6
smoked sasalmon,99
smoked ssalmon,99
snack bags,9
snack crackers,12
snow peas,1
soda crackers,99
sodas,12
soft taco shells,5
soup,10
soup bones,7
sour cream,16
soy milk,10
soy sauce,14
spaghetti,12
special thank you cards,9
spinach,1
sprouts,1
sriracha,14
standings fans,9
star anise,15
steak,7
steel cut oats,12
steel cut oats times,99
sticky rice,14
stock,12
stove cleaner,9
strands of saffron,15
strawberries,1
strawberry,1
stroganoff beef,7
sugar,15
summer squash,1
sun,99
sunflower seeds,12
sunrise honey,10
sweet peppers,1
sweet potato,1
swiffer dust pads,9
swiffer duster replacements,9
swiffer dusters,9
swiss or mozarella for salad,2
tabouloeh,99
taco shells,5
tahini,14
tamarind,14
tarts,5
tasty muesli for r that b likes,99
test_element,99
thai red curry paste,15
thin beef,7
thyme,15
thyme or basil,1
thyme to taste,99
tin foil,9
to,99
toilet cleaner,9
toilet paper,9
toilet plunger,9
tomato,1
tomato paste,12
tomato soup,12
tomato x,99
tomatoes,1
tomatos,1
toothpaste,8
toothpaste brian,8
tortilla,5
tostitos,12
trail mix fruit and nut bars,12
truffle cheese or something,2
tumeric,15
tums,8
tuna,13
tuna bread,5
tuna for,99
turkey baster,9
turmeric powder,15
two lemons,99
tylenol,8
udon,14
udon noodles,14
udon noodles or we'll use existing vimicelle,99
udon veg,1
unagi sauce,14
unmedicated lib balm,8
unsalted butter,16
unscented dryer sheets,9
unscented little hand cream,8
vanilla bean,15
vaseline,8
vegetable broth,12
vegetable oil,12
veggie for dumplings,1
veggies for sides,1
vidalia onion,1
vincenzo sesame bagels,5
vinny's pasta,3
virmicelle,14
virmicelle noodle,14
virmicelli,14
walnuts,12
wash cloths,9
water,12
water bottles,12
water softener x,99
watermelon,1
whipped cream,16
white beans,12
white bread,5
white fish,6
white kidney beans,12
white onions,1
white sugar,15
white wine,18
whitebread,5
whitefish,6
whole chicken,7
whole grain baguette or whole wheat sausage buns,5
whole grain bread,5
whole milk,16
whole tomato,1
whole tomatos,1
whole wheat bread,5
whole wheat buns,5
wild rice,12
worchestershire sauce,12
worshistershire sauce,12
ychoy,99
yellow green sponge and scratchy,9
yellow onion,1
yoghurt,11
yoghurt activia,11
yoghurt check dates,99
yoghurt chocolate raspberry,11
yoghurt if date is sept,99
yoghurt raspberry chocolate,11
ziploc,9
ziploc containers,9
ziplocs,9
zucchini,1
drain catcher,9
blueberry,1
ground allspice,15
stalk celery,1
ground pork,7
breadcrumbs,12
pie shell,17
ground meat,7
ziploc for freezer,9
tinfoil for freezer,15
rump roast,7
white onion,1
beef broth,12
mashed russet potatoes,1
peeled pearl onions,1
bunch parsley,1
matzo meal,14
parsnips,1
dried thyme,15
bag russet potatoes,1
toothpaste sensodyne,8
veggie,1
multi grain chips,12
minute tapioca,15
sweet onions,1
table cream,16
prunes,12
veggie side,1
pastrami,4
sea urchin,6
yellow mustard,12
ombrelle sunscreen,8
dark raisins,12
lactose free yogurt,11
slivered almonds,12
